incident_id,date,detected_time,resolved_time,severity,category,business_unit,system,mitre_tactic,records_exposed,customers_affected,financial_impact_usd,regulatory_notification_required,status,mttd_hours,mttr_hours,root_cause
INC-10264,2024-08-02 01:45:10,2024-08-02 01:45:10,2024-08-09 12:27:10,Medium,Third-Party/Vendor Breach,Digital Banking,Online Banking Portal,Lateral Movement,16257,14883,265713.49,Y,Resolved,37.6,141.1,Third-party compromise
INC-10268,2024-08-04 15:34:07,2024-08-04 15:34:07,2024-08-09 16:10:07,High,Malware,Corporate IT & Infrastructure,Endpoint Fleet,Execution,51,40,284275.11,N,Resolved,9.0,111.6,Phishing / credential theft
INC-10165,2024-08-07 09:29:41,2024-08-07 09:29:41,2024-08-14 04:41:41,Medium,Unauthorized Access,Payments & Cards,Card Issuance System,Credential Access,9994,8765,178913.62,N,Resolved,57.6,105.6,Unpatched vulnerability
INC-10104,2024-08-08 18:06:33,2024-08-08 18:06:33,2024-08-28 14:06:33,Low,Business Email Compromise,Commercial Banking,Treasury Management System,Credential Access,180,113,12275.43,N,Resolved,139.4,336.6,Unpatched vulnerability
INC-10227,2024-08-10 00:17:36,2024-08-10 00:17:36,2024-08-22 04:47:36,Medium,Data Breach,Corporate IT & Infrastructure,Email & Collaboration (O365),Execution,15753,10102,30540.21,Y,Resolved,40.5,252.0,Weak access control
INC-10053,2024-08-11 18:48:35,2024-08-11 18:48:35,2024-08-25 03:18:35,Low,Third-Party/Vendor Breach,Retail Banking,ATM Network,Impact,250,199,28203.63,N,Resolved,66.8,253.7,Unpatched vulnerability
INC-10050,2024-08-13 15:17:37,2024-08-13 15:17:37,2024-08-27 04:53:37,Low,Malware,Retail Banking,Teller Platform,Exfiltration,181,128,8496.57,N,Resolved,52.2,273.4,Lost/stolen device
INC-10307,2024-08-13 19:06:28,2024-08-13 19:06:28,2024-08-24 15:54:28,Low,Unauthorized Access,Mortgage & Lending,Loan Origination System,Exfiltration,265,236,26632.06,N,Resolved,171.7,89.1,Malicious code
INC-10254,2024-08-20 13:55:34,2024-08-20 13:55:34,2024-09-03 20:13:34,Low,Malware,Payments & Cards,Wire Transfer System,Persistence,88,53,45721.17,N,Resolved,126.5,215.8,Third-party compromise
INC-10047,2024-08-21 22:37:19,2024-08-21 22:37:19,2024-08-24 20:25:19,High,Ransomware,Retail Banking,ATM Network,Credential Access,144,96,1900738.34,N,Resolved,17.8,52.0,Phishing / credential theft
INC-10077,2024-08-30 01:40:28,2024-08-30 01:40:28,2024-09-09 16:04:28,Medium,Unauthorized Access,Retail Banking,Teller Platform,Persistence,14212,9493,52215.24,N,Resolved,53.8,200.6,Phishing / credential theft
INC-10143,2024-08-30 02:57:26,2024-08-30 02:57:26,2024-09-01 08:03:26,Critical,DDoS,Digital Banking,Customer API Gateway,Initial Access,166,132,3556721.51,N,Resolved,7.1,46.0,Lost/stolen device
INC-10255,2024-08-31 10:13:42,2024-08-31 10:13:42,2024-09-01 04:19:42,Critical,Unauthorized Access,Corporate IT & Infrastructure,Endpoint Fleet,Privilege Escalation,1658184,1430591,8967839.34,Y,Resolved,3.2,14.9,Insider misuse
INC-10249,2024-09-01 14:43:24,2024-09-01 14:43:24,2024-09-13 20:13:24,Low,Ransomware,Mortgage & Lending,Loan Origination System,Initial Access,118,109,5993.46,N,Resolved,193.0,100.5,Third-party compromise
INC-10067,2024-09-07 16:33:34,2024-09-07 16:33:34,2024-09-13 22:09:34,High,Third-Party/Vendor Breach,Commercial Banking,Commercial Loan Platform,Lateral Movement,139898,107063,1667361.69,Y,Resolved,2.0,147.6,Third-party compromise
INC-10301,2024-09-10 19:57:25,2024-09-10 19:57:25,2024-09-26 09:15:25,Medium,Unauthorized Access,Commercial Banking,Treasury Management System,Command and Control,7784,6753,10794.02,N,Resolved,66.4,306.9,Misconfiguration
INC-10057,2024-09-16 01:59:06,2024-09-16 01:59:06,2024-09-25 14:11:06,Medium,Malware,Digital Banking,Online Banking Portal,Lateral Movement,26,19,263088.72,N,Resolved,57.7,170.5,Unpatched vulnerability
INC-10241,2024-09-17 14:35:50,2024-09-17 14:35:50,2024-09-19 01:29:50,Critical,DDoS,Payments & Cards,Card Issuance System,Defense Evasion,83,68,1752590.08,N,Resolved,5.8,29.1,Insider misuse
INC-10148,2024-09-19 01:50:24,2024-09-19 01:50:24,2024-09-20 16:26:24,High,DDoS,Mortgage & Lending,Document Management System,Defense Evasion,137,122,115537.07,N,Resolved,5.7,32.9,Social engineering
INC-10180,2024-09-22 09:46:27,2024-09-22 09:46:27,2024-10-04 14:10:27,Medium,Ransomware,Digital Banking,Online Banking Portal,Privilege Escalation,48,38,243348.68,N,Resolved,58.9,233.5,Weak access control
INC-10019,2024-09-30 05:59:39,2024-09-30 05:59:39,2024-10-18 00:47:39,Medium,Malware,Corporate IT & Infrastructure,Data Warehouse,Collection,73,63,132672.17,N,Resolved,92.2,334.6,Malicious code
INC-10017,2024-10-02 14:39:32,2024-10-02 14:39:32,2024-10-16 23:15:32,Low,Insider Threat,Corporate IT & Infrastructure,Active Directory,Defense Evasion,98,76,10320.24,N,Resolved,114.3,230.3,Phishing / credential theft
INC-10155,2024-10-03 05:01:38,2024-10-03 05:01:38,2024-10-16 23:13:38,Medium,Business Email Compromise,Mortgage & Lending,Document Management System,Credential Access,96,78,100988.25,N,Resolved,21.6,308.6,Insider misuse
INC-10094,2024-10-07 04:35:40,2024-10-07 04:35:40,2024-10-11 11:23:40,High,Unauthorized Access,Digital Banking,Customer API Gateway,Command and Control,104851,80953,1989792.74,Y,Resolved,20.0,82.8,Phishing / credential theft
INC-10127,2024-10-09 12:33:13,2024-10-09 12:33:13,2024-10-12 14:03:13,High,Account Takeover,Digital Banking,Online Banking Portal,Credential Access,188,173,1537689.96,N,Resolved,6.5,67.0,Misconfiguration
INC-10110,2024-10-15 11:18:05,2024-10-15 11:18:05,2024-10-21 13:30:05,Medium,DDoS,Retail Banking,Teller Platform,Command and Control,19,15,196953.28,N,Resolved,94.0,52.2,Malicious code
INC-10061,2024-10-16 05:41:57,2024-10-16 05:41:57,2024-10-17 08:41:57,Critical,Malware,Payments & Cards,Wire Transfer System,Lateral Movement,74,46,973277.9,N,Resolved,3.8,23.2,Third-party compromise
INC-10075,2024-10-16 17:05:37,2024-10-16 17:05:37,2024-11-03 05:11:37,Low,Ransomware,Commercial Banking,Treasury Management System,Credential Access,84,71,42764.73,N,Resolved,207.9,212.2,Malicious code
INC-10309,2024-10-16 17:54:01,2024-10-16 17:54:01,2024-10-25 15:36:01,Medium,Phishing,Wealth Management,Trading Platform,Privilege Escalation,129,81,74584.89,N,Resolved,63.9,149.8,Malicious code
INC-10045,2024-10-25 23:24:06,2024-10-25 23:24:06,2024-11-01 06:24:06,Medium,Phishing,Corporate IT & Infrastructure,Cloud Workloads (AWS),Discovery,66,46,119940.12,N,Resolved,25.0,126.0,Social engineering
INC-10218,2024-10-29 15:59:09,2024-10-29 15:59:09,2024-11-23 05:05:09,Low,Insider Threat,Retail Banking,Core Banking System,Command and Control,415,354,37143.04,N,Resolved,169.1,420.0,Misconfiguration
INC-10302,2024-11-01 18:37:50,2024-11-01 18:37:50,2024-11-05 19:07:50,High,Insider Threat,Digital Banking,Mobile Banking App,Execution,124734,115412,1978465.27,Y,Resolved,12.1,84.4,Unpatched vulnerability
INC-10066,2024-11-02 17:06:45,2024-11-02 17:06:45,2024-11-14 10:24:45,Medium,Data Breach,Wealth Management,Wealth Management Platform,Discovery,10907,10093,129377.08,Y,Resolved,50.6,230.7,Lost/stolen device
INC-10311,2024-11-02 21:59:54,2024-11-02 21:59:54,2024-11-15 21:11:54,Low,Business Email Compromise,Digital Banking,Customer API Gateway,Initial Access,52,48,33075.2,N,Resolved,116.0,195.2,Malicious code
INC-10001,2024-11-04 07:57:37,2024-11-04 07:57:37,2024-11-07 02:51:37,High,Insider Threat,Digital Banking,Customer API Gateway,Command and Control,192700,137062,1334780.43,Y,Resolved,20.5,46.4,Unpatched vulnerability
INC-10054,2024-11-04 10:42:46,2024-11-04 10:42:46,2024-11-08 13:12:46,High,Account Takeover,Digital Banking,Mobile Banking App,Impact,94,77,999194.93,N,Resolved,20.1,78.4,Weak access control
INC-10116,2024-11-04 23:31:15,2024-11-04 23:31:15,2024-11-19 08:31:15,Medium,Unauthorized Access,Payments & Cards,Payment Gateway,Lateral Movement,10220,6916,62276.25,N,Resolved,25.3,319.7,Misconfiguration
INC-10175,2024-11-12 21:37:29,2024-11-12 21:37:29,2024-11-14 19:49:29,Critical,Insider Threat,Mortgage & Lending,Loan Origination System,Initial Access,1603027,1051672,1141432.59,Y,Resolved,5.5,40.7,Insider misuse
INC-10049,2024-11-13 10:58:49,2024-11-13 10:58:49,2024-12-02 22:16:49,Low,Account Takeover,Digital Banking,Online Banking Portal,Execution,200,160,3012.39,N,Resolved,133.5,333.8,Weak access control
INC-10108,2024-11-14 05:19:54,2024-11-14 05:19:54,2024-11-18 17:07:54,High,Ransomware,Commercial Banking,Commercial Loan Platform,Command and Control,45,40,1907455.07,N,Resolved,23.4,84.4,Malicious code
INC-10112,2024-11-14 12:30:15,2024-11-14 12:30:15,2024-11-29 02:06:15,Low,Data Breach,Retail Banking,ATM Network,Collection,20,16,13139.44,N,Resolved,111.8,237.8,Weak access control
INC-10206,2024-11-17 00:23:02,2024-11-17 00:23:02,2024-11-22 12:29:02,High,Malware,Commercial Banking,Commercial Loan Platform,Collection,95,62,843154.92,N,Resolved,28.3,103.8,Unpatched vulnerability
INC-10205,2024-11-20 09:02:16,2024-11-20 09:02:16,2024-12-02 10:56:16,Medium,Account Takeover,Payments & Cards,Wire Transfer System,Credential Access,11,10,173333.88,N,Resolved,64.1,225.8,Social engineering
INC-10091,2024-11-21 00:56:19,2024-11-21 00:56:19,2024-11-22 19:44:19,High,Account Takeover,Payments & Cards,Payment Gateway,Discovery,82,66,129984.06,N,Resolved,11.0,31.8,Phishing / credential theft
INC-10275,2024-11-24 15:05:21,2024-11-24 15:05:21,2024-12-01 23:05:21,High,Ransomware,Mortgage & Lending,Loan Origination System,Credential Access,144,136,1581134.92,N,Resolved,28.7,147.3,Insider misuse
INC-10236,2024-11-27 16:30:24,2024-11-27 16:30:24,2024-11-29 14:18:24,Medium,Data Breach,Retail Banking,ATM Network,Lateral Movement,4013,3937,13672.84,Y,Resolved,18.3,27.5,Lost/stolen device
INC-10314,2024-12-02 14:18:17,2024-12-02 14:18:17,2024-12-07 08:42:17,High,Unauthorized Access,Corporate IT & Infrastructure,Cloud Workloads (AWS),Exfiltration,33250,27781,1538583.75,Y,Resolved,3.6,110.8,Malicious code
INC-10121,2024-12-06 10:22:43,2024-12-06 10:22:43,2024-12-13 01:28:43,High,Business Email Compromise,Commercial Banking,Treasury Management System,Lateral Movement,37,35,1678988.77,N,Resolved,5.1,154.0,Unpatched vulnerability
INC-10142,2024-12-07 22:45:22,2024-12-07 22:45:22,2024-12-21 00:51:22,Medium,Account Takeover,Mortgage & Lending,Loan Origination System,Command and Control,148,108,54716.34,N,Resolved,65.3,248.8,Unpatched vulnerability
INC-10251,2024-12-10 03:20:55,2024-12-10 03:20:55,2024-12-29 18:02:55,Low,Ransomware,Corporate IT & Infrastructure,Data Warehouse,Discovery,10,9,47171.75,N,Resolved,23.5,447.2,Social engineering
INC-10150,2024-12-10 03:31:12,2024-12-10 03:31:12,2024-12-18 18:13:12,Medium,Business Email Compromise,Digital Banking,Mobile Banking App,Collection,93,57,228939.9,N,Resolved,23.9,182.8,Unpatched vulnerability
INC-10289,2024-12-10 09:25:02,2024-12-10 09:25:02,2024-12-29 15:55:02,Low,Unauthorized Access,Mortgage & Lending,Loan Origination System,Defense Evasion,335,257,5375.69,N,Resolved,93.0,369.5,Weak access control
INC-10115,2024-12-11 21:39:53,2024-12-11 21:39:53,2024-12-26 10:33:53,Medium,Third-Party/Vendor Breach,Retail Banking,ATM Network,Impact,10863,10850,245823.59,Y,Resolved,66.3,282.6,Lost/stolen device
INC-10250,2024-12-12 07:12:49,2024-12-12 07:12:49,2024-12-24 20:48:49,Low,Ransomware,Payments & Cards,Wire Transfer System,Execution,149,101,29719.82,N,Resolved,221.2,80.4,Malicious code
INC-10297,2024-12-13 07:41:21,2024-12-13 07:41:21,2024-12-30 02:23:21,Low,Ransomware,Mortgage & Lending,Loan Origination System,Exfiltration,93,65,35844.39,N,Resolved,192.6,210.1,Lost/stolen device
INC-10278,2024-12-16 10:56:24,2024-12-16 10:56:24,2024-12-28 11:20:24,Low,DDoS,Payments & Cards,Card Issuance System,Privilege Escalation,186,179,21421.86,N,Resolved,159.2,129.2,Social engineering
INC-10123,2024-12-19 01:23:40,2024-12-19 01:23:40,2024-12-21 01:11:40,High,Malware,Corporate IT & Infrastructure,Cloud Workloads (AWS),Privilege Escalation,114,106,1269161.69,N,Resolved,32.8,15.0,Lost/stolen device
INC-10151,2024-12-19 12:07:32,2024-12-19 12:07:32,2025-01-05 14:07:32,Low,Account Takeover,Mortgage & Lending,Loan Origination System,Discovery,131,130,7849.27,N,Resolved,224.4,185.6,Insider misuse
INC-10007,2024-12-25 09:38:38,2024-12-25 09:38:38,2024-12-29 20:26:38,High,DDoS,Digital Banking,Customer API Gateway,Privilege Escalation,191,190,1210713.38,N,Resolved,32.5,74.3,Misconfiguration
INC-10292,2024-12-25 11:31:09,2024-12-25 11:31:09,2025-01-10 01:55:09,Low,Malware,Commercial Banking,Commercial Loan Platform,Initial Access,85,66,31920.61,N,Resolved,52.3,322.1,Third-party compromise
INC-10154,2024-12-30 08:49:05,2024-12-30 08:49:05,2024-12-31 22:13:05,Critical,Insider Threat,Corporate IT & Infrastructure,Active Directory,Privilege Escalation,89714,68555,6895059.21,Y,Resolved,5.3,32.1,Malicious code
INC-10028,2024-12-30 15:38:53,2024-12-30 15:38:53,2025-01-03 11:32:53,High,Unauthorized Access,Wealth Management,Wealth Management Platform,Collection,60070,57285,1395926.71,Y,Resolved,24.7,67.2,Social engineering
INC-10169,2025-01-01 05:59:26,2025-01-01 05:59:26,2025-01-11 15:53:26,Medium,Insider Threat,Mortgage & Lending,Loan Origination System,Initial Access,19208,15008,151760.11,N,Resolved,86.9,163.0,Lost/stolen device
INC-10141,2025-01-04 11:04:22,2025-01-04 11:04:22,2025-01-07 20:58:22,High,Unauthorized Access,Wealth Management,Wealth Management Platform,Exfiltration,141025,138562,1800359.24,Y,Resolved,30.8,51.1,Insider misuse
INC-10118,2025-01-05 05:54:26,2025-01-05 05:54:26,2025-01-10 19:24:26,High,Data Breach,Digital Banking,Customer API Gateway,Privilege Escalation,194053,191692,931579.47,Y,Resolved,16.0,117.5,Insider misuse
INC-10117,2025-01-06 02:48:34,2025-01-06 02:48:34,2025-01-08 22:36:34,High,Business Email Compromise,Digital Banking,Customer API Gateway,Command and Control,189,123,1778996.11,N,Resolved,3.3,64.5,Social engineering
INC-10020,2025-01-06 06:54:50,2025-01-06 06:54:50,2025-01-10 17:54:50,High,Business Email Compromise,Corporate IT & Infrastructure,Endpoint Fleet,Collection,15,14,1521153.56,N,Resolved,3.9,103.1,Lost/stolen device
INC-10021,2025-01-09 02:04:15,2025-01-09 02:04:15,2025-01-27 00:58:15,Low,Ransomware,Retail Banking,Core Banking System,Command and Control,152,106,4330.08,N,Resolved,208.5,222.4,Unpatched vulnerability
INC-10079,2025-01-09 02:41:21,2025-01-09 02:41:21,2025-01-24 11:41:21,Medium,Third-Party/Vendor Breach,Wealth Management,Trading Platform,Lateral Movement,8295,5330,142482.39,Y,Resolved,33.2,335.8,Social engineering
INC-10160,2025-01-09 14:48:54,2025-01-09 14:48:54,2025-01-18 15:48:54,Medium,Malware,Corporate IT & Infrastructure,Email & Collaboration (O365),Exfiltration,166,103,67842.23,N,Resolved,92.8,124.2,Phishing / credential theft
INC-10010,2025-01-09 16:31:10,2025-01-09 16:31:10,2025-01-10 10:01:10,Critical,DDoS,Digital Banking,Customer API Gateway,Exfiltration,128,92,11548451.89,N,Resolved,6.3,11.2,Lost/stolen device
INC-10002,2025-01-11 15:23:12,2025-01-11 15:23:12,2025-01-18 16:59:12,Medium,Ransomware,Retail Banking,Teller Platform,Defense Evasion,23,21,120178.92,N,Resolved,38.3,131.3,Malicious code
INC-10027,2025-01-13 16:05:12,2025-01-13 16:05:12,2025-01-19 10:47:12,Medium,Ransomware,Payments & Cards,Payment Gateway,Initial Access,19,17,284064.77,N,Resolved,68.2,70.5,Lost/stolen device
INC-10265,2025-01-14 16:25:51,2025-01-14 16:25:51,2025-01-17 15:19:51,High,Phishing,Corporate IT & Infrastructure,Data Warehouse,Discovery,81,53,596142.65,N,Resolved,5.6,65.3,Phishing / credential theft
INC-10048,2025-01-15 11:19:28,2025-01-15 11:19:28,2025-01-22 17:01:28,High,Account Takeover,Retail Banking,Teller Platform,Privilege Escalation,173,109,1825249.69,N,Resolved,14.8,158.9,Third-party compromise
INC-10247,2025-01-16 16:22:05,2025-01-16 16:22:05,2025-01-30 18:04:05,Medium,Unauthorized Access,Payments & Cards,Wire Transfer System,Execution,6903,4577,141055.95,N,Resolved,47.7,290.0,Insider misuse
INC-10132,2025-01-18 16:09:43,2025-01-18 16:09:43,2025-02-04 22:03:43,Medium,Account Takeover,Retail Banking,Teller Platform,Execution,111,96,89621.05,N,Resolved,94.2,319.7,Social engineering
INC-10263,2025-01-19 23:09:46,2025-01-19 23:09:46,2025-02-05 22:27:46,Low,Unauthorized Access,Retail Banking,ATM Network,Credential Access,228,160,1558.39,N,Resolved,59.8,347.5,Phishing / credential theft
INC-10293,2025-01-20 20:58:54,2025-01-20 20:58:54,2025-02-04 04:10:54,Low,Data Breach,Payments & Cards,Payment Gateway,Lateral Movement,314,236,22251.86,N,Resolved,109.9,233.3,Unpatched vulnerability
INC-10106,2025-01-23 22:30:18,2025-01-23 22:30:18,2025-02-02 18:06:18,Medium,Ransomware,Digital Banking,Mobile Banking App,Collection,111,70,254900.46,N,Resolved,27.9,207.7,Insider misuse
INC-10273,2025-01-25 06:05:10,2025-01-25 06:05:10,2025-02-06 21:05:10,Low,Phishing,Corporate IT & Infrastructure,Cloud Workloads (AWS),Exfiltration,108,71,4840.06,N,Resolved,167.8,135.2,Insider misuse
INC-10280,2025-01-25 07:01:05,2025-01-25 07:01:05,2025-02-18 04:43:05,Low,Insider Threat,Commercial Banking,Commercial Loan Platform,Defense Evasion,16,11,23365.98,N,Resolved,221.3,352.4,Malicious code
INC-10164,2025-01-27 22:14:39,2025-01-27 22:14:39,2025-02-09 02:38:39,Low,Business Email Compromise,Corporate IT & Infrastructure,Email & Collaboration (O365),Persistence,83,65,5250.15,N,Resolved,164.6,127.8,Third-party compromise
INC-10039,2025-01-28 18:51:29,2025-01-28 18:51:29,2025-02-14 09:09:29,Medium,Malware,Mortgage & Lending,Loan Origination System,Command and Control,34,24,242410.81,N,Resolved,66.1,332.2,Malicious code
INC-10316,2025-01-29 21:03:52,2025-01-29 21:03:52,2025-02-03 23:39:52,High,Third-Party/Vendor Breach,Corporate IT & Infrastructure,Active Directory,Discovery,177365,136121,1241037.44,Y,Resolved,32.0,90.6,Third-party compromise
INC-10173,2025-01-30 19:33:39,2025-01-30 19:33:39,2025-02-10 22:33:39,Medium,Phishing,Retail Banking,Core Banking System,Collection,193,148,16593.24,N,Resolved,32.9,234.1,Social engineering
INC-10188,2025-01-31 03:53:46,2025-01-31 03:53:46,2025-02-15 05:17:46,Low,Insider Threat,Mortgage & Lending,Loan Origination System,Discovery,317,200,26796.34,N,Resolved,197.9,163.5,Social engineering
INC-10192,2025-01-31 11:27:00,2025-01-31 11:27:00,2025-02-01 10:15:00,Critical,Third-Party/Vendor Breach,Commercial Banking,Commercial Loan Platform,Discovery,1997991,1739878,1615593.63,Y,Resolved,2.4,20.4,Lost/stolen device
INC-10262,2025-02-03 21:55:56,2025-02-03 21:55:56,2025-02-11 07:55:56,Medium,Insider Threat,Corporate IT & Infrastructure,Endpoint Fleet,Execution,18631,12952,40191.97,N,Resolved,50.7,127.3,Weak access control
INC-10211,2025-02-08 13:19:05,2025-02-08 13:19:05,2025-02-16 00:49:05,Medium,Malware,Payments & Cards,Card Issuance System,Discovery,135,112,290115.76,N,Resolved,34.2,145.3,Weak access control
INC-10073,2025-02-10 08:41:40,2025-02-10 08:41:40,2025-02-24 19:23:40,Medium,Phishing,Commercial Banking,Treasury Management System,Discovery,81,80,225964.49,N,Resolved,69.5,277.2,Misconfiguration
INC-10147,2025-02-11 05:48:05,2025-02-11 05:48:05,2025-02-22 14:36:05,Medium,DDoS,Mortgage & Lending,Document Management System,Privilege Escalation,127,87,16721.13,N,Resolved,91.1,181.7,Weak access control
INC-10138,2025-02-22 05:03:22,2025-02-22 05:03:22,2025-02-27 12:27:22,High,Business Email Compromise,Payments & Cards,Card Issuance System,Command and Control,146,139,800931.21,N,Resolved,29.3,98.1,Phishing / credential theft
INC-10183,2025-02-25 13:29:49,2025-02-25 13:29:49,2025-03-09 20:17:49,Medium,Data Breach,Retail Banking,Core Banking System,Discovery,631,453,85624.49,Y,Resolved,90.1,204.7,Third-party compromise
INC-10267,2025-02-27 06:55:01,2025-02-27 06:55:01,2025-03-08 03:49:01,Medium,DDoS,Mortgage & Lending,Document Management System,Lateral Movement,76,50,78889.0,N,Resolved,10.5,202.4,Weak access control
INC-10231,2025-02-27 18:51:02,2025-02-27 18:51:02,2025-03-16 19:33:02,Medium,DDoS,Commercial Banking,Treasury Management System,Lateral Movement,165,124,25825.05,N,Resolved,86.8,321.9,Third-party compromise
INC-10299,2025-02-27 22:56:56,2025-02-27 22:56:56,2025-03-01 16:02:56,Critical,Business Email Compromise,Payments & Cards,Payment Gateway,Execution,69,55,9530567.76,N,Resolved,8.6,32.5,Phishing / credential theft
INC-10090,2025-03-01 21:20:58,2025-03-01 21:20:58,2025-03-04 15:08:58,High,Data Breach,Corporate IT & Infrastructure,Data Warehouse,Persistence,161233,131580,105387.55,Y,Resolved,31.2,34.6,Misconfiguration
INC-10101,2025-03-09 13:41:48,2025-03-09 13:41:48,2025-03-22 02:23:48,Medium,DDoS,Wealth Management,Trading Platform,Initial Access,184,121,104071.04,N,Resolved,90.7,210.0,Unpatched vulnerability
INC-10167,2025-03-13 04:51:47,2025-03-13 04:51:47,2025-03-27 17:21:47,Medium,Unauthorized Access,Payments & Cards,Wire Transfer System,Exfiltration,13726,12768,213562.81,N,Resolved,88.2,260.3,Third-party compromise
INC-10240,2025-03-18 11:42:59,2025-03-18 11:42:59,2025-03-23 14:48:59,High,DDoS,Corporate IT & Infrastructure,Data Warehouse,Initial Access,19,12,1185918.33,N,Resolved,6.1,117.0,Lost/stolen device
INC-10216,2025-03-19 19:34:25,2025-03-19 19:34:25,2025-03-22 22:52:25,High,Malware,Digital Banking,Customer API Gateway,Collection,140,130,1070531.36,N,Resolved,21.5,53.8,Weak access control
INC-10006,2025-03-23 01:10:07,2025-03-23 01:10:07,2025-04-08 12:52:07,Low,Insider Threat,Payments & Cards,Payment Gateway,Exfiltration,467,373,47202.58,N,Resolved,211.8,183.9,Malicious code
INC-10015,2025-03-23 02:27:14,2025-03-23 02:27:14,2025-04-08 22:03:14,Low,Business Email Compromise,Corporate IT & Infrastructure,Active Directory,Impact,60,58,14645.39,N,Resolved,122.7,280.9,Malicious code
INC-10191,2025-03-24 07:41:50,2025-03-24 07:41:50,2025-04-13 04:35:50,Low,Malware,Digital Banking,Customer API Gateway,Collection,69,56,3281.54,N,Resolved,29.0,447.9,Unpatched vulnerability
INC-10174,2025-03-24 09:00:41,2025-03-24 09:00:41,2025-04-06 03:42:41,Medium,Ransomware,Retail Banking,Core Banking System,Initial Access,8,5,244748.67,N,Resolved,43.7,263.0,Phishing / credential theft
INC-10176,2025-03-28 20:58:31,2025-03-28 20:58:31,2025-04-09 14:16:31,Medium,Insider Threat,Mortgage & Lending,Document Management System,Discovery,9988,7193,264114.91,N,Resolved,94.7,186.6,Unpatched vulnerability
INC-10012,2025-04-03 02:06:32,2025-04-03 02:06:32,2025-04-08 17:12:32,High,Ransomware,Mortgage & Lending,Loan Origination System,Persistence,187,121,1023381.88,N,Resolved,4.4,130.7,Malicious code
INC-10159,2025-04-06 01:50:53,2025-04-06 01:50:53,2025-04-11 07:50:53,Medium,Phishing,Mortgage & Lending,Loan Origination System,Persistence,25,15,129857.4,N,Resolved,70.6,55.4,Lost/stolen device
INC-10016,2025-04-06 17:13:13,2025-04-06 17:13:13,2025-04-26 18:43:13,Low,Third-Party/Vendor Breach,Commercial Banking,Commercial Loan Platform,Exfiltration,181,155,21755.35,N,Resolved,118.5,363.0,Phishing / credential theft
INC-10209,2025-04-07 18:47:12,2025-04-07 18:47:12,2025-04-10 11:17:12,High,Malware,Commercial Banking,Treasury Management System,Exfiltration,59,45,1615736.0,N,Resolved,23.4,41.1,Unpatched vulnerability
INC-10221,2025-04-11 14:17:52,2025-04-11 14:17:52,2025-04-26 15:53:52,Medium,Third-Party/Vendor Breach,Mortgage & Lending,Document Management System,Execution,12393,9432,141077.6,Y,Resolved,63.0,298.6,Insider misuse
INC-10059,2025-04-12 04:18:45,2025-04-12 04:18:45,2025-04-26 16:00:45,Medium,Account Takeover,Payments & Cards,Wire Transfer System,Defense Evasion,57,53,234951.13,N,Resolved,40.2,307.5,Social engineering
INC-10046,2025-04-16 02:58:55,2025-04-16 02:58:55,2025-04-28 18:34:55,Medium,Unauthorized Access,Digital Banking,Online Banking Portal,Initial Access,7447,7296,198541.79,N,Resolved,76.3,227.3,Third-party compromise
INC-10058,2025-04-16 17:23:36,2025-04-16 17:23:36,2025-04-18 08:29:36,High,Ransomware,Retail Banking,Teller Platform,Command and Control,147,144,1295946.84,N,Resolved,3.8,35.3,Phishing / credential theft
INC-10032,2025-04-25 06:30:05,2025-04-25 06:30:05,2025-05-03 08:00:05,Medium,Ransomware,Corporate IT & Infrastructure,Active Directory,Command and Control,152,151,136023.49,N,Resolved,71.6,121.9,Phishing / credential theft
INC-10286,2025-04-25 23:53:18,2025-04-25 23:53:18,2025-04-28 21:11:18,Medium,Insider Threat,Corporate IT & Infrastructure,Data Warehouse,Command and Control,5012,3817,160015.14,N,Resolved,27.6,41.7,Weak access control
INC-10270,2025-04-27 16:00:37,2025-04-27 16:00:37,2025-05-02 18:54:37,Medium,Account Takeover,Commercial Banking,Treasury Management System,Exfiltration,15,11,53827.9,N,Resolved,68.7,54.2,Lost/stolen device
INC-10062,2025-04-28 22:45:27,2025-04-28 22:45:27,2025-05-14 10:27:27,Medium,Third-Party/Vendor Breach,Corporate IT & Infrastructure,Cloud Workloads (AWS),Persistence,3860,2426,167923.09,Y,Resolved,64.3,307.4,Misconfiguration
INC-10131,2025-05-01 03:00:28,2025-05-01 03:00:28,2025-05-10 12:06:28,Low,Data Breach,Retail Banking,ATM Network,Defense Evasion,279,201,15394.55,N,Resolved,35.4,189.7,Social engineering
INC-10030,2025-05-01 05:47:46,2025-05-01 05:47:46,2025-05-18 18:17:46,Low,Malware,Retail Banking,Core Banking System,Privilege Escalation,56,38,10779.07,N,Resolved,221.4,199.1,Third-party compromise
INC-10146,2025-05-01 16:22:09,2025-05-01 16:22:09,2025-05-09 11:52:09,High,Third-Party/Vendor Breach,Retail Banking,Teller Platform,Credential Access,166317,161909,894456.01,Y,Resolved,34.7,152.8,Weak access control
INC-10130,2025-05-07 04:31:55,2025-05-07 04:31:55,2025-05-23 22:07:55,Low,Malware,Payments & Cards,Card Issuance System,Credential Access,98,95,17612.79,N,Resolved,54.6,347.0,Lost/stolen device
INC-10163,2025-05-07 07:01:12,2025-05-07 07:01:12,2025-05-31 00:31:12,Low,DDoS,Wealth Management,Trading Platform,Command and Control,183,159,10123.75,N,Resolved,179.9,389.6,Third-party compromise
INC-10100,2025-05-07 11:14:59,2025-05-07 11:14:59,2025-05-23 23:14:59,Low,Data Breach,Payments & Cards,Payment Gateway,Initial Access,289,184,33209.89,N,Resolved,27.9,368.1,Lost/stolen device
INC-10317,2025-05-08 14:29:09,2025-05-08 14:29:09,2025-05-31 05:23:09,Low,Data Breach,Corporate IT & Infrastructure,Email & Collaboration (O365),Defense Evasion,70,65,21224.53,N,Resolved,171.6,371.3,Lost/stolen device
INC-10056,2025-05-11 21:27:58,2025-05-11 21:27:58,2025-05-23 06:21:58,Low,Ransomware,Mortgage & Lending,Document Management System,Impact,49,39,15516.08,N,Resolved,94.3,178.6,Insider misuse
INC-10300,2025-05-17 04:09:03,2025-05-17 04:09:03,2025-05-28 06:33:03,Low,Insider Threat,Payments & Cards,Wire Transfer System,Impact,398,304,13886.7,N,Resolved,131.3,135.1,Misconfiguration
INC-10072,2025-05-17 10:52:12,2025-05-17 10:52:12,2025-06-02 03:58:12,Low,Data Breach,Mortgage & Lending,Document Management System,Collection,228,171,27390.45,N,Resolved,90.7,286.4,Weak access control
INC-10114,2025-05-18 09:10:29,2025-05-18 09:10:29,2025-06-12 16:28:29,Low,Data Breach,Digital Banking,Customer API Gateway,Defense Evasion,170,167,4993.6,N,Resolved,163.3,444.0,Social engineering
INC-10037,2025-05-18 18:46:01,2025-05-18 18:46:01,2025-05-21 02:16:01,Medium,Insider Threat,Digital Banking,Online Banking Portal,Privilege Escalation,10271,10205,75145.79,N,Resolved,23.9,31.6,Phishing / credential theft
INC-10081,2025-05-21 08:22:42,2025-05-21 08:22:42,2025-06-02 20:58:42,Medium,Insider Threat,Payments & Cards,Wire Transfer System,Persistence,8312,7075,206551.69,N,Resolved,70.9,229.7,Unpatched vulnerability
INC-10214,2025-05-23 05:06:28,2025-05-23 05:06:28,2025-05-25 18:00:28,High,Phishing,Corporate IT & Infrastructure,Endpoint Fleet,Discovery,91,89,1908499.71,N,Resolved,18.5,42.4,Lost/stolen device
INC-10162,2025-05-24 01:21:50,2025-05-24 01:21:50,2025-05-26 00:57:50,Critical,Unauthorized Access,Mortgage & Lending,Loan Origination System,Persistence,646769,608237,7088061.63,Y,Resolved,7.9,39.7,Malicious code
INC-10004,2025-05-24 02:54:18,2025-05-24 02:54:18,2025-06-05 18:00:18,Low,DDoS,Corporate IT & Infrastructure,Email & Collaboration (O365),Privilege Escalation,116,100,32148.54,N,Resolved,95.2,207.9,Phishing / credential theft
INC-10144,2025-05-24 23:22:16,2025-05-24 23:22:16,2025-06-05 20:40:16,Low,Third-Party/Vendor Breach,Payments & Cards,Wire Transfer System,Discovery,152,120,23223.66,N,Resolved,169.0,116.3,Third-party compromise
INC-10303,2025-05-25 13:06:54,2025-05-25 13:06:54,2025-05-30 15:06:54,Low,Ransomware,Wealth Management,Wealth Management Platform,Exfiltration,194,129,44624.31,N,Resolved,14.2,107.8,Weak access control
INC-10272,2025-06-03 02:52:28,2025-06-03 02:52:28,2025-06-16 04:16:28,Medium,Business Email Compromise,Corporate IT & Infrastructure,Active Directory,Command and Control,146,96,271131.97,N,Resolved,78.0,235.4,Malicious code
INC-10025,2025-06-03 03:46:17,2025-06-03 03:46:17,2025-06-19 03:10:17,Low,Ransomware,Retail Banking,Core Banking System,Impact,190,140,28107.96,N,Resolved,74.1,309.3,Insider misuse
INC-10228,2025-06-03 04:59:33,2025-06-03 04:59:33,2025-06-12 22:35:33,Medium,Data Breach,Corporate IT & Infrastructure,Cloud Workloads (AWS),Lateral Movement,2341,1733,163847.4,Y,Resolved,6.8,226.8,Third-party compromise
INC-10199,2025-06-03 17:37:49,2025-06-03 17:37:49,2025-06-13 00:31:49,Low,Malware,Payments & Cards,Payment Gateway,Initial Access,152,148,31216.77,N,Resolved,116.4,106.5,Weak access control
INC-10181,2025-06-07 00:33:29,2025-06-07 00:33:29,2025-06-11 04:21:29,High,Malware,Commercial Banking,Commercial Loan Platform,Privilege Escalation,62,50,1421689.94,N,Resolved,25.9,73.9,Insider misuse
INC-10036,2025-06-08 10:26:46,2025-06-08 10:26:46,2025-06-13 07:08:46,High,Unauthorized Access,Digital Banking,Customer API Gateway,Impact,126893,84748,939393.43,Y,Resolved,25.0,91.7,Phishing / credential theft
INC-10060,2025-06-09 20:42:11,2025-06-09 20:42:11,2025-06-20 11:48:11,Medium,Ransomware,Digital Banking,Customer API Gateway,Persistence,195,135,70258.49,N,Resolved,25.0,230.1,Lost/stolen device
INC-10063,2025-06-11 21:39:53,2025-06-11 21:39:53,2025-06-24 12:51:53,Low,Malware,Mortgage & Lending,Document Management System,Defense Evasion,31,24,23966.2,N,Resolved,81.3,221.9,Malicious code
INC-10269,2025-06-12 14:28:16,2025-06-12 14:28:16,2025-06-26 01:22:16,Medium,Ransomware,Corporate IT & Infrastructure,Data Warehouse,Credential Access,164,110,167796.55,N,Resolved,22.6,300.3,Unpatched vulnerability
INC-10139,2025-06-13 14:29:47,2025-06-13 14:29:47,2025-06-23 19:41:47,Low,Third-Party/Vendor Breach,Digital Banking,Customer API Gateway,Credential Access,393,336,21062.24,N,Resolved,143.1,102.1,Malicious code
INC-10082,2025-06-13 16:02:59,2025-06-13 16:02:59,2025-06-14 15:02:59,Critical,Ransomware,Payments & Cards,Payment Gateway,Collection,75,71,5237427.32,N,Resolved,5.3,17.7,Weak access control
INC-10295,2025-06-16 04:41:39,2025-06-16 04:41:39,2025-06-19 02:11:39,High,Data Breach,Payments & Cards,Card Issuance System,Impact,22114,17870,1665303.28,Y,Resolved,12.1,57.4,Lost/stolen device
INC-10096,2025-06-17 15:32:16,2025-06-17 15:32:16,2025-06-24 19:56:16,Medium,Malware,Commercial Banking,Commercial Loan Platform,Impact,17,15,36455.19,N,Resolved,13.7,158.7,Misconfiguration
INC-10318,2025-06-18 20:09:19,2025-06-18 20:09:19,2025-07-04 23:39:19,Medium,Unauthorized Access,Commercial Banking,Treasury Management System,Collection,4447,3633,294587.29,N,Resolved,64.5,323.0,Weak access control
INC-10230,2025-06-19 05:05:27,2025-06-19 05:05:27,2025-06-25 17:17:27,High,Business Email Compromise,Digital Banking,Online Banking Portal,Impact,153,93,1240014.95,N,Resolved,22.7,133.5,Insider misuse
INC-10246,2025-06-19 14:18:25,2025-06-19 14:18:25,2025-06-26 03:42:25,Medium,Malware,Digital Banking,Mobile Banking App,Command and Control,69,44,77747.26,N,Resolved,90.9,66.5,Phishing / credential theft
INC-10129,2025-06-20 11:17:22,2025-06-20 11:17:22,2025-06-27 20:47:22,Medium,Malware,Corporate IT & Infrastructure,Endpoint Fleet,Initial Access,64,60,20620.02,N,Resolved,64.2,113.3,Weak access control
INC-10274,2025-06-24 02:26:23,2025-06-24 02:26:23,2025-07-01 00:50:23,High,DDoS,Mortgage & Lending,Document Management System,Command and Control,133,111,970498.64,N,Resolved,31.7,134.7,Social engineering
INC-10259,2025-06-28 02:10:06,2025-06-28 02:10:06,2025-06-29 19:04:06,Critical,Ransomware,Mortgage & Lending,Loan Origination System,Exfiltration,134,101,12979707.27,N,Resolved,11.5,29.4,Phishing / credential theft
INC-10035,2025-07-01 14:39:03,2025-07-01 14:39:03,2025-07-14 05:57:03,Medium,Third-Party/Vendor Breach,Mortgage & Lending,Loan Origination System,Defense Evasion,12523,9547,206422.2,Y,Resolved,87.3,216.0,Unpatched vulnerability
INC-10184,2025-07-04 08:22:29,2025-07-04 08:22:29,2025-07-16 18:58:29,Medium,Business Email Compromise,Corporate IT & Infrastructure,Email & Collaboration (O365),Lateral Movement,167,164,283604.72,N,Resolved,36.4,262.2,Malicious code
INC-10193,2025-07-06 13:58:31,2025-07-06 13:58:31,2025-07-14 03:04:31,Low,Ransomware,Retail Banking,ATM Network,Privilege Escalation,128,119,37527.37,N,Resolved,90.9,90.2,Weak access control
INC-10312,2025-07-06 20:23:40,2025-07-06 20:23:40,2025-07-15 15:29:40,Low,Malware,Mortgage & Lending,Document Management System,Credential Access,29,27,5774.41,N,Resolved,162.2,48.9,Insider misuse
INC-10052,2025-07-11 01:02:41,2025-07-11 01:02:41,2025-07-25 00:20:41,Medium,Insider Threat,Wealth Management,Trading Platform,Impact,11726,11163,241371.38,N,Resolved,36.6,298.7,Lost/stolen device
INC-10260,2025-07-11 10:59:12,2025-07-11 10:59:12,2025-07-22 15:53:12,Medium,Malware,Corporate IT & Infrastructure,Email & Collaboration (O365),Command and Control,166,151,102012.18,N,Resolved,69.6,199.3,Third-party compromise
INC-10296,2025-07-12 15:47:21,2025-07-12 15:47:21,2025-08-02 01:11:21,Low,Malware,Corporate IT & Infrastructure,Data Warehouse,Discovery,91,55,37755.66,N,Resolved,49.6,439.8,Third-party compromise
INC-10107,2025-07-14 08:04:01,2025-07-14 08:04:01,2025-07-23 01:28:01,Medium,Business Email Compromise,Commercial Banking,Commercial Loan Platform,Exfiltration,130,120,66232.07,N,Resolved,75.9,133.5,Third-party compromise
INC-10145,2025-07-15 22:05:16,2025-07-15 22:05:16,2025-07-20 16:17:16,High,Unauthorized Access,Corporate IT & Infrastructure,Data Warehouse,Credential Access,109521,76302,348455.69,Y,Resolved,14.6,99.6,Phishing / credential theft
INC-10224,2025-07-18 01:45:45,2025-07-18 01:45:45,2025-07-19 15:03:45,Critical,Phishing,Digital Banking,Mobile Banking App,Discovery,31,21,13976776.69,N,Resolved,2.3,35.0,Misconfiguration
INC-10282,2025-07-19 05:57:12,2025-07-19 05:57:12,2025-08-02 14:15:12,Low,DDoS,Commercial Banking,Commercial Loan Platform,Privilege Escalation,7,6,19941.72,N,Resolved,49.1,295.2,Third-party compromise
INC-10158,2025-07-21 16:06:23,2025-07-21 16:06:23,2025-07-28 13:24:23,Medium,Insider Threat,Digital Banking,Online Banking Portal,Execution,17748,15019,88628.49,N,Resolved,56.6,108.7,Third-party compromise
INC-10243,2025-07-21 23:09:14,2025-07-21 23:09:14,2025-08-14 14:57:14,Low,Phishing,Corporate IT & Infrastructure,Data Warehouse,Execution,194,132,33207.89,N,Resolved,205.6,362.2,Third-party compromise
INC-10308,2025-07-21 23:21:10,2025-07-21 23:21:10,2025-08-02 07:09:10,Medium,Account Takeover,Corporate IT & Infrastructure,Endpoint Fleet,Lateral Movement,13,12,13377.01,N,Resolved,90.1,181.7,Misconfiguration
INC-10024,2025-07-24 02:30:16,2025-07-24 02:30:16,2025-08-19 04:30:16,Low,Malware,Payments & Cards,Payment Gateway,Exfiltration,139,112,35473.46,N,Resolved,151.5,474.5,Lost/stolen device
INC-10212,2025-07-27 16:40:12,2025-07-27 16:40:12,2025-07-30 23:34:12,Medium,Account Takeover,Corporate IT & Infrastructure,Data Warehouse,Defense Evasion,151,97,34578.07,N,Resolved,18.1,60.8,Weak access control
INC-10134,2025-08-06 13:56:21,2025-08-06 13:56:21,2025-08-26 15:50:21,Low,Malware,Retail Banking,Core Banking System,Collection,94,70,19228.66,N,Resolved,186.0,295.9,Weak access control
INC-10034,2025-08-08 15:42:11,2025-08-08 15:42:11,2025-08-11 10:48:11,Critical,Account Takeover,Digital Banking,Mobile Banking App,Collection,80,57,10119118.41,N,Resolved,1.9,65.2,Social engineering
INC-10133,2025-08-08 18:40:51,2025-08-08 18:40:51,2025-08-19 07:46:51,Low,Data Breach,Digital Banking,Online Banking Portal,Execution,434,301,30771.07,N,Resolved,190.1,63.0,Weak access control
INC-10149,2025-08-10 01:38:50,2025-08-10 01:38:50,2025-08-18 14:56:50,Medium,Unauthorized Access,Mortgage & Lending,Loan Origination System,Collection,18228,12976,93694.49,N,Resolved,40.8,164.5,Phishing / credential theft
INC-10290,2025-08-16 09:29:12,2025-08-16 09:29:12,2025-09-01 02:35:12,Medium,Malware,Payments & Cards,Payment Gateway,Execution,13,10,261254.08,N,Resolved,58.5,318.6,Third-party compromise
INC-10113,2025-08-17 10:17:59,2025-08-17 10:17:59,2025-08-21 23:11:59,Medium,Account Takeover,Digital Banking,Customer API Gateway,Execution,13,10,238875.81,N,Resolved,64.3,44.6,Social engineering
INC-10172,2025-08-19 13:55:32,2025-08-19 13:55:32,2025-08-30 07:49:32,Medium,Third-Party/Vendor Breach,Corporate IT & Infrastructure,Email & Collaboration (O365),Exfiltration,2729,2576,207991.8,Y,Resolved,65.6,192.3,Phishing / credential theft
INC-10182,2025-08-25 16:58:32,2025-08-25 16:58:32,2025-09-08 03:22:32,Medium,Unauthorized Access,Payments & Cards,Card Issuance System,Impact,16903,13316,266015.47,N,Resolved,47.9,274.5,Weak access control
INC-10276,2025-08-28 23:50:24,2025-08-28 23:50:24,2025-09-10 09:50:24,Medium,Data Breach,Digital Banking,Online Banking Portal,Discovery,9124,5615,126862.45,Y,Resolved,61.6,236.4,Weak access control
INC-10033,2025-08-30 20:59:34,2025-08-30 20:59:34,2025-09-05 21:29:34,High,Phishing,Retail Banking,Teller Platform,Impact,133,119,1858592.81,N,Resolved,20.3,124.2,Third-party compromise
INC-10196,2025-09-03 11:31:47,2025-09-03 11:31:47,2025-09-06 05:55:47,Medium,Malware,Retail Banking,Teller Platform,Discovery,92,71,230790.48,N,Resolved,15.2,51.2,Lost/stolen device
INC-10202,2025-09-07 13:17:23,2025-09-07 13:17:23,2025-09-13 09:29:23,High,Business Email Compromise,Mortgage & Lending,Loan Origination System,Lateral Movement,6,5,1910708.76,N,Resolved,17.7,122.5,Phishing / credential theft
INC-10031,2025-09-13 11:57:05,2025-09-13 11:57:05,2025-09-20 12:39:05,High,Unauthorized Access,Retail Banking,Teller Platform,Credential Access,173160,168951,1067870.78,Y,Resolved,25.1,143.6,Phishing / credential theft
INC-10203,2025-09-23 18:10:44,2025-09-23 18:10:44,2025-09-27 19:04:44,High,Data Breach,Wealth Management,Trading Platform,Command and Control,192494,152396,903943.11,Y,Resolved,14.8,82.1,Social engineering
INC-10179,2025-09-27 15:09:52,2025-09-27 15:09:52,2025-10-05 00:33:52,Medium,DDoS,Retail Banking,Core Banking System,Credential Access,52,33,105776.27,N,Resolved,13.1,164.3,Third-party compromise
INC-10271,2025-09-28 21:28:16,2025-09-28 21:28:16,2025-10-06 12:58:16,High,Business Email Compromise,Retail Banking,Teller Platform,Command and Control,107,101,1934692.64,N,Resolved,25.4,158.1,Malicious code
INC-10122,2025-09-29 01:56:20,2025-09-29 01:56:20,2025-10-02 19:32:20,Medium,Ransomware,Payments & Cards,Card Issuance System,Impact,95,81,75116.24,N,Resolved,34.7,54.9,Misconfiguration
INC-10234,2025-09-30 15:25:18,2025-09-30 15:25:18,2025-10-03 05:37:18,Medium,Business Email Compromise,Retail Banking,ATM Network,Privilege Escalation,157,155,54277.33,N,Resolved,13.5,48.7,Misconfiguration
INC-10170,2025-09-30 16:37:53,2025-09-30 16:37:53,2025-10-04 18:55:53,Medium,Phishing,Mortgage & Lending,Document Management System,Execution,101,62,83792.59,N,Resolved,6.3,92.0,Weak access control
INC-10244,2025-10-04 17:54:51,2025-10-04 17:54:51,2025-10-24 16:00:51,Low,DDoS,Corporate IT & Infrastructure,Cloud Workloads (AWS),Discovery,23,20,3151.11,N,Resolved,64.8,413.3,Weak access control
INC-10087,2025-10-04 21:23:03,2025-10-04 21:23:03,2025-10-21 08:17:03,Low,Ransomware,Retail Banking,Teller Platform,Impact,125,93,31166.96,N,Resolved,226.1,168.8,Malicious code
INC-10305,2025-10-06 23:37:25,2025-10-06 23:37:25,2025-10-26 19:55:25,Low,Phishing,Commercial Banking,Commercial Loan Platform,Command and Control,40,34,6081.94,N,Resolved,219.8,256.5,Misconfiguration
INC-10195,2025-10-17 06:45:45,2025-10-17 06:45:45,2025-10-22 06:33:45,Medium,Account Takeover,Digital Banking,Online Banking Portal,Persistence,75,56,241436.0,N,Resolved,70.2,49.6,Misconfiguration
INC-10105,2025-10-21 00:40:56,2025-10-21 00:40:56,2025-10-30 08:52:56,Medium,Account Takeover,Retail Banking,Teller Platform,Execution,109,83,176285.91,N,Resolved,69.9,154.3,Weak access control
INC-10044,2025-10-21 17:40:54,2025-10-21 17:40:54,2025-10-23 17:58:54,Critical,Data Breach,Wealth Management,Trading Platform,Initial Access,1812668,1745185,7277157.16,Y,Resolved,2.0,46.3,Unpatched vulnerability
INC-10064,2025-10-23 02:55:43,2025-10-23 02:55:43,2025-11-02 23:55:43,Medium,Account Takeover,Corporate IT & Infrastructure,Data Warehouse,Command and Control,64,53,17500.82,N,Resolved,26.6,234.4,Unpatched vulnerability
INC-10014,2025-10-23 18:50:39,2025-10-23 18:50:39,2025-10-28 18:14:39,Medium,Unauthorized Access,Commercial Banking,Commercial Loan Platform,Execution,789,696,180609.53,N,Resolved,26.7,92.7,Unpatched vulnerability
INC-10304,2025-10-23 22:38:21,2025-10-23 22:38:21,2025-10-28 01:26:21,High,Unauthorized Access,Digital Banking,Mobile Banking App,Discovery,52938,46371,316280.8,Y,Resolved,15.6,83.2,Malicious code
INC-10018,2025-10-28 20:02:12,2025-10-28 20:02:12,2025-10-31 16:50:12,High,Phishing,Digital Banking,Customer API Gateway,Lateral Movement,23,18,1860097.27,N,Resolved,30.9,37.9,Social engineering
INC-10088,2025-10-30 08:35:47,2025-10-30 08:35:47,2025-11-09 01:47:47,Low,Unauthorized Access,Retail Banking,ATM Network,Defense Evasion,278,187,45183.11,N,Resolved,159.0,74.2,Phishing / credential theft
INC-10119,2025-11-03 08:31:11,2025-11-03 08:31:11,2025-11-12 11:19:11,Medium,Insider Threat,Wealth Management,Trading Platform,Defense Evasion,12153,11074,206708.98,N,Resolved,57.3,161.5,Lost/stolen device
INC-10089,2025-11-09 03:20:15,2025-11-09 03:20:15,2025-11-12 22:32:15,Medium,Phishing,Digital Banking,Customer API Gateway,Command and Control,12,8,238170.43,N,Resolved,27.9,63.3,Lost/stolen device
INC-10038,2025-11-10 15:05:21,2025-11-10 15:05:21,2025-11-19 11:05:21,Low,Malware,Mortgage & Lending,Document Management System,Execution,102,92,12955.24,N,Resolved,161.6,50.4,Third-party compromise
INC-10023,2025-11-12 11:30:41,2025-11-12 11:30:41,2025-11-25 18:12:41,Low,Malware,Corporate IT & Infrastructure,Active Directory,Privilege Escalation,159,127,49924.27,N,Resolved,239.1,79.6,Misconfiguration
INC-10315,2025-11-12 23:58:25,2025-11-12 23:58:25,2025-11-21 22:46:25,Medium,Phishing,Payments & Cards,Card Issuance System,Command and Control,135,107,223502.04,N,Resolved,55.8,159.0,Lost/stolen device
INC-10245,2025-11-13 03:05:28,2025-11-13 03:05:28,2025-11-23 05:23:28,Medium,Third-Party/Vendor Breach,Payments & Cards,Wire Transfer System,Persistence,2552,1772,181649.77,Y,Resolved,11.6,230.7,Insider misuse
INC-10189,2025-11-14 20:34:15,2025-11-14 20:34:15,2025-11-16 13:34:15,High,Ransomware,Digital Banking,Mobile Banking App,Discovery,167,125,1984181.94,N,Resolved,24.1,16.9,Lost/stolen device
INC-10185,2025-11-15 06:07:30,2025-11-15 06:07:30,2025-12-14 00:43:30,Low,Business Email Compromise,Payments & Cards,Payment Gateway,Initial Access,125,101,10018.34,N,Resolved,214.8,475.8,Phishing / credential theft
INC-10140,2025-11-21 18:50:11,2025-11-21 18:50:11,2025-11-30 01:20:11,Medium,Account Takeover,Corporate IT & Infrastructure,Endpoint Fleet,Initial Access,46,42,232656.67,N,Resolved,17.6,180.9,Lost/stolen device
INC-10233,2025-11-26 02:39:27,2025-11-26 02:39:27,2025-11-27 21:09:27,Critical,Insider Threat,Retail Banking,Teller Platform,Defense Evasion,133522,113684,13877399.69,Y,Resolved,11.4,31.1,Lost/stolen device
INC-10190,2025-12-01 02:02:35,2025-12-01 02:02:35,2025-12-16 06:44:35,Medium,Malware,Digital Banking,Online Banking Portal,Execution,111,106,197023.1,N,Resolved,35.8,328.9,Unpatched vulnerability
INC-10208,2025-12-01 03:33:15,2025-12-01 03:33:15,2025-12-05 08:33:15,Medium,Ransomware,Digital Banking,Mobile Banking App,Credential Access,76,65,22958.09,N,Resolved,70.0,31.0,Misconfiguration
INC-10092,2025-12-01 16:19:16,2025-12-01 16:19:16,2025-12-23 02:43:16,Low,Malware,Mortgage & Lending,Loan Origination System,Exfiltration,128,103,11855.94,N,Resolved,152.2,362.2,Malicious code
INC-10201,2025-12-04 11:26:20,2025-12-04 11:26:20,2025-12-09 11:56:20,High,DDoS,Payments & Cards,Card Issuance System,Privilege Escalation,188,137,1420419.76,N,Resolved,18.7,101.8,Insider misuse
INC-10207,2025-12-08 03:48:23,2025-12-08 03:48:23,2025-12-12 03:24:23,High,Ransomware,Corporate IT & Infrastructure,Active Directory,Privilege Escalation,186,150,369182.84,N,Resolved,12.6,83.0,Weak access control
INC-10051,2025-12-09 16:55:31,2025-12-09 16:55:31,2025-12-22 17:49:31,Medium,Unauthorized Access,Digital Banking,Mobile Banking App,Privilege Escalation,8144,7331,250912.0,N,Resolved,13.8,299.1,Social engineering
INC-10279,2025-12-10 18:48:18,2025-12-10 18:48:18,2025-12-20 12:54:18,Low,Data Breach,Corporate IT & Infrastructure,Endpoint Fleet,Collection,33,31,16245.03,N,Resolved,127.5,106.6,Unpatched vulnerability
INC-10041,2025-12-10 22:49:09,2025-12-10 22:49:09,2025-12-15 12:01:09,High,DDoS,Payments & Cards,Wire Transfer System,Persistence,60,39,616258.7,N,Resolved,12.9,96.3,Social engineering
INC-10258,2025-12-16 01:22:55,2025-12-16 01:22:55,2025-12-21 02:28:55,High,Phishing,Commercial Banking,Commercial Loan Platform,Persistence,134,98,1008179.08,N,Resolved,13.3,107.8,Misconfiguration
INC-10074,2025-12-21 01:20:52,2025-12-21 01:20:52,2025-12-23 00:44:52,High,Ransomware,Corporate IT & Infrastructure,Data Warehouse,Persistence,112,85,289452.23,N,Resolved,33.0,14.4,Misconfiguration
INC-10252,2025-12-22 01:04:24,2025-12-22 01:04:24,2025-12-26 21:34:24,Medium,Insider Threat,Payments & Cards,Card Issuance System,Command and Control,6232,5282,89744.71,N,Resolved,46.1,70.4,Third-party compromise
INC-10238,2025-12-22 16:34:23,2025-12-22 16:34:23,2026-01-07 11:10:23,Medium,Data Breach,Retail Banking,ATM Network,Exfiltration,12148,10800,55619.89,Y,Resolved,75.6,303.0,Third-party compromise
INC-10232,2025-12-25 23:13:54,2025-12-25 23:13:54,2026-01-06 20:01:54,Medium,Unauthorized Access,Mortgage & Lending,Loan Origination System,Credential Access,10470,8570,48275.04,N,Resolved,83.5,201.3,Misconfiguration
INC-10291,2025-12-26 04:21:44,2025-12-26 04:21:44,2026-01-16 23:27:44,Low,Third-Party/Vendor Breach,Payments & Cards,Card Issuance System,Credential Access,27,20,43671.61,N,Resolved,46.4,476.7,Malicious code
INC-10281,2025-12-31 14:27:08,2025-12-31 14:27:08,2026-01-16 00:15:08,Medium,Insider Threat,Retail Banking,Core Banking System,Lateral Movement,12304,10270,151748.15,N,Resolved,46.1,323.7,Weak access control
INC-10026,2025-12-31 17:47:12,2025-12-31 17:47:12,2026-01-01 17:47:12,High,Ransomware,Corporate IT & Infrastructure,Active Directory,Persistence,162,138,904793.97,N,Resolved,11.4,12.6,Insider misuse
INC-10239,2026-01-04 00:05:36,2026-01-04 00:05:36,2026-01-05 03:23:36,Critical,Phishing,Corporate IT & Infrastructure,Cloud Workloads (AWS),Initial Access,120,98,5777659.2,N,Resolved,11.1,16.2,Social engineering
INC-10008,2026-01-04 17:58:06,2026-01-04 17:58:06,2026-01-10 04:04:06,High,Data Breach,Retail Banking,Core Banking System,Discovery,169481,127559,403965.8,Y,Resolved,25.1,105.0,Malicious code
INC-10285,2026-01-06 13:37:31,2026-01-06 13:37:31,2026-01-20 21:43:31,Medium,DDoS,Mortgage & Lending,Document Management System,Exfiltration,175,127,41350.31,N,Resolved,11.7,332.4,Insider misuse
INC-10197,2026-01-07 14:51:23,2026-01-07 14:51:23,2026-01-11 03:57:23,High,Ransomware,Retail Banking,ATM Network,Defense Evasion,152,116,1236283.22,N,Resolved,13.0,72.1,Phishing / credential theft
INC-10220,2026-01-09 03:28:01,2026-01-09 03:28:01,2026-01-15 12:52:01,High,Phishing,Digital Banking,Mobile Banking App,Privilege Escalation,70,46,1747390.42,N,Resolved,6.3,147.1,Weak access control
INC-10237,2026-01-12 09:26:20,2026-01-12 09:26:20,2026-01-16 05:50:20,High,Ransomware,Retail Banking,Teller Platform,Collection,197,123,1809805.11,N,Resolved,13.4,79.0,Phishing / credential theft
INC-10068,2026-01-13 13:10:19,2026-01-13 13:10:19,2026-01-19 00:52:19,Medium,Phishing,Payments & Cards,Card Issuance System,Impact,52,41,87446.31,N,Resolved,17.8,113.9,Unpatched vulnerability
INC-10126,2026-01-19 13:07:45,2026-01-19 13:07:45,2026-01-22 19:37:45,Critical,Third-Party/Vendor Breach,Mortgage & Lending,Loan Origination System,Defense Evasion,1881508,1691337,7316958.63,Y,Resolved,7.8,70.7,Weak access control
INC-10103,2026-01-22 11:13:45,2026-01-22 11:13:45,2026-01-25 06:49:45,Critical,Phishing,Payments & Cards,Wire Transfer System,Defense Evasion,1,0,3464135.3,N,Resolved,11.4,56.2,Phishing / credential theft
INC-10120,2026-01-23 15:14:34,2026-01-23 15:14:34,2026-02-16 23:02:34,Low,Data Breach,Corporate IT & Infrastructure,Endpoint Fleet,Collection,446,434,13250.16,N,Resolved,158.2,425.6,Lost/stolen device
INC-10009,2026-01-24 09:09:13,2026-01-24 09:09:13,2026-02-16 20:21:13,Low,Ransomware,Corporate IT & Infrastructure,Active Directory,Credential Access,174,112,44354.63,N,Resolved,183.2,380.0,Social engineering
INC-10083,2026-01-26 18:16:11,2026-01-26 18:16:11,2026-02-03 13:16:11,Low,Malware,Corporate IT & Infrastructure,Data Warehouse,Execution,75,49,37581.41,N,Resolved,89.2,97.8,Third-party compromise
INC-10256,2026-01-29 02:02:08,2026-01-29 02:02:08,2026-02-13 03:08:08,Low,Third-Party/Vendor Breach,Corporate IT & Infrastructure,Endpoint Fleet,Privilege Escalation,181,151,46825.1,N,Resolved,238.1,123.0,Weak access control
INC-10294,2026-01-29 07:15:37,2026-01-29 07:15:37,2026-02-14 01:03:37,Low,Business Email Compromise,Corporate IT & Infrastructure,Data Warehouse,Privilege Escalation,48,42,1877.89,N,Resolved,12.9,364.9,Weak access control
INC-10223,2026-01-30 14:28:49,2026-01-30 14:28:49,2026-02-04 03:28:49,High,Malware,Payments & Cards,Payment Gateway,Persistence,68,56,713443.78,N,Resolved,11.6,97.4,Malicious code
INC-10204,2026-01-30 18:26:42,2026-01-30 18:26:42,2026-02-21 19:20:42,Low,Business Email Compromise,Corporate IT & Infrastructure,Email & Collaboration (O365),Collection,9,7,39745.32,N,Resolved,94.0,434.9,Phishing / credential theft
INC-10003,2026-02-01 04:32:41,2026-02-01 04:32:41,2026-02-22 06:26:41,Low,DDoS,Payments & Cards,Wire Transfer System,Impact,160,100,31307.47,N,Resolved,208.5,297.4,Third-party compromise
INC-10235,2026-02-01 11:53:47,2026-02-01 11:53:47,2026-02-16 11:41:47,Medium,Ransomware,Digital Banking,Customer API Gateway,Initial Access,79,55,212616.01,N,Resolved,71.7,288.1,Social engineering
INC-10076,2026-02-06 01:18:25,2026-02-06 01:18:25,2026-02-15 21:54:25,Medium,Insider Threat,Commercial Banking,Treasury Management System,Execution,3061,2379,135851.73,N,Resolved,14.9,221.7,Insider misuse
INC-10217,2026-02-07 01:30:53,2026-02-07 01:30:53,2026-02-20 05:24:53,Low,Third-Party/Vendor Breach,Payments & Cards,Payment Gateway,Initial Access,52,40,37063.45,N,Resolved,161.0,154.9,Weak access control
INC-10266,2026-02-12 03:23:23,2026-02-12 03:23:23,2026-02-25 13:47:23,Medium,Phishing,Corporate IT & Infrastructure,Email & Collaboration (O365),Persistence,110,68,283308.25,N,Resolved,20.8,301.6,Weak access control
INC-10313,2026-02-12 19:00:17,2026-02-12 19:00:17,2026-02-22 03:30:17,Medium,Malware,Retail Banking,Core Banking System,Defense Evasion,35,29,248333.21,N,Resolved,72.8,151.7,Third-party compromise
INC-10013,2026-02-14 06:00:43,2026-02-14 06:00:43,2026-02-20 10:42:43,High,Insider Threat,Corporate IT & Infrastructure,Email & Collaboration (O365),Discovery,146373,146088,1535003.87,Y,Resolved,25.5,123.2,Weak access control
INC-10097,2026-02-21 02:11:01,2026-02-21 02:11:01,2026-03-06 14:11:01,Medium,Ransomware,Mortgage & Lending,Document Management System,Impact,105,65,112543.44,N,Resolved,65.9,258.1,Insider misuse
INC-10177,2026-02-22 21:32:30,2026-02-22 21:32:30,2026-03-12 05:56:30,Low,Business Email Compromise,Corporate IT & Infrastructure,Email & Collaboration (O365),Discovery,126,115,3297.32,N,Resolved,90.5,325.9,Weak access control
INC-10198,2026-02-24 08:50:16,2026-02-24 08:50:16,2026-02-28 12:32:16,Medium,Data Breach,Commercial Banking,Treasury Management System,Persistence,4649,3597,87986.5,Y,Resolved,30.2,69.5,Social engineering
INC-10157,2026-02-25 09:57:22,2026-02-25 09:57:22,2026-03-01 00:39:22,High,Third-Party/Vendor Breach,Mortgage & Lending,Document Management System,Defense Evasion,95474,93767,1913756.84,Y,Resolved,29.4,57.3,Phishing / credential theft
INC-10080,2026-03-09 13:04:09,2026-03-09 13:04:09,2026-03-22 01:40:09,Medium,Phishing,Corporate IT & Infrastructure,Data Warehouse,Impact,168,166,124783.66,N,Resolved,6.7,293.9,Malicious code
INC-10310,2026-03-10 16:18:53,2026-03-10 16:18:53,2026-03-13 21:48:53,High,Ransomware,Payments & Cards,Card Issuance System,Initial Access,127,104,1515954.03,N,Resolved,2.6,74.9,Unpatched vulnerability
INC-10099,2026-03-11 08:14:03,2026-03-11 08:14:03,2026-03-30 19:38:03,Low,Account Takeover,Corporate IT & Infrastructure,Endpoint Fleet,Impact,172,121,32492.26,N,Resolved,18.0,449.4,Misconfiguration
INC-10043,2026-03-13 13:50:57,2026-03-13 13:50:57,2026-03-27 23:32:57,Medium,Third-Party/Vendor Breach,Corporate IT & Infrastructure,Data Warehouse,Privilege Escalation,13830,10998,166083.96,Y,Resolved,72.1,273.6,Insider misuse
INC-10111,2026-03-18 20:10:55,2026-03-18 20:10:55,2026-04-01 22:58:55,Low,Malware,Digital Banking,Online Banking Portal,Persistence,146,143,32940.04,N,Resolved,85.3,253.5,Malicious code
INC-10257,2026-03-29 01:01:37,2026-03-29 01:01:37,2026-04-12 20:13:37,Medium,Account Takeover,Payments & Cards,Wire Transfer System,Lateral Movement,36,29,173301.58,N,Resolved,22.9,332.3,Misconfiguration
INC-10152,2026-03-31 12:14:49,2026-03-31 12:14:49,2026-04-06 03:02:49,Medium,Account Takeover,Payments & Cards,Card Issuance System,Execution,76,75,147718.85,N,Resolved,7.5,127.3,Insider misuse
INC-10125,2026-04-04 19:31:01,2026-04-04 19:31:01,2026-04-05 23:31:01,Critical,Data Breach,Mortgage & Lending,Loan Origination System,Discovery,660841,446018,6723963.95,Y,Resolved,7.6,20.4,Phishing / credential theft
INC-10071,2026-04-06 18:30:16,2026-04-06 18:30:16,2026-04-30 00:42:16,Low,DDoS,Retail Banking,Core Banking System,Collection,197,139,39710.3,N,Resolved,106.6,451.6,Unpatched vulnerability
INC-10098,2026-04-07 11:22:33,2026-04-07 11:22:33,2026-04-20 02:52:33,Medium,Data Breach,Mortgage & Lending,Loan Origination System,Credential Access,15900,10270,75031.01,Y,Resolved,15.7,287.8,Insider misuse
INC-10194,2026-04-12 22:21:00,2026-04-12 22:21:00,2026-05-03 16:33:00,Low,Phishing,Payments & Cards,Card Issuance System,Credential Access,162,133,14393.02,N,Resolved,238.3,259.9,Social engineering
INC-10011,2026-04-16 07:14:31,2026-04-16 07:14:31,2026-04-18 07:20:31,High,Business Email Compromise,Digital Banking,Customer API Gateway,Credential Access,0,0,1237994.71,N,Resolved,18.6,29.5,Insider misuse
INC-10124,2026-04-16 19:12:56,2026-04-16 19:12:56,2026-04-29 22:42:56,Medium,DDoS,Digital Banking,Online Banking Portal,Lateral Movement,31,19,23847.34,N,Resolved,43.8,271.7,Malicious code
INC-10005,2026-04-16 23:07:07,2026-04-16 23:07:07,2026-04-23 08:01:07,High,Malware,Digital Banking,Online Banking Portal,Privilege Escalation,97,84,612900.87,N,Resolved,33.5,119.4,Unpatched vulnerability
INC-10078,2026-04-17 13:55:40,2026-04-17 13:55:40,2026-04-29 05:25:40,Medium,Insider Threat,Commercial Banking,Commercial Loan Platform,Lateral Movement,15210,14608,194992.34,N,Resolved,47.4,232.1,Lost/stolen device
INC-10156,2026-04-17 17:37:42,2026-04-17 17:37:42,2026-04-23 19:19:42,High,Insider Threat,Commercial Banking,Treasury Management System,Lateral Movement,83017,60338,1565231.11,Y,Resolved,26.0,119.7,Weak access control
INC-10306,2026-04-18 13:49:34,2026-04-18 13:49:34,2026-04-29 13:13:34,Low,Data Breach,Digital Banking,Customer API Gateway,Initial Access,247,154,46099.5,N,Resolved,37.7,225.7,Weak access control
INC-10136,2026-04-19 10:23:51,2026-04-19 10:23:51,2026-05-04 01:29:51,Medium,Ransomware,Corporate IT & Infrastructure,Cloud Workloads (AWS),Lateral Movement,34,33,257319.62,N,Resolved,46.7,304.4,Weak access control
INC-10040,2026-04-20 18:22:42,2026-04-20 18:22:42,2026-05-05 18:04:42,Medium,Data Breach,Corporate IT & Infrastructure,Email & Collaboration (O365),Defense Evasion,15654,14187,140520.23,Y,Resolved,73.7,286.0,Lost/stolen device
INC-10210,2026-04-21 07:11:03,2026-04-21 07:11:03,2026-05-05 12:53:03,Medium,Insider Threat,Payments & Cards,Payment Gateway,Command and Control,6843,4384,90720.0,N,Resolved,69.3,272.4,Lost/stolen device
INC-10219,2026-04-23 05:04:09,2026-04-23 05:04:09,2026-05-04 09:52:09,Low,Account Takeover,Corporate IT & Infrastructure,Active Directory,Impact,89,63,27081.76,N,Resolved,148.1,120.7,Insider misuse
INC-10022,2026-04-27 02:59:05,2026-04-27 02:59:05,2026-05-03 00:11:05,Medium,DDoS,Mortgage & Lending,Document Management System,Persistence,52,45,204220.53,N,Resolved,34.3,106.9,Insider misuse
INC-10029,2026-04-28 05:37:37,2026-04-28 05:37:37,2026-05-19 01:55:37,Low,Data Breach,Commercial Banking,Commercial Loan Platform,Discovery,451,415,21202.43,N,Resolved,52.9,447.4,Third-party compromise
INC-10200,2026-04-28 13:49:52,2026-04-28 13:49:52,2026-05-17 23:01:52,Low,Third-Party/Vendor Breach,Wealth Management,Trading Platform,Defense Evasion,417,303,41353.23,N,Resolved,160.4,304.8,Third-party compromise
INC-10242,2026-04-30 08:49:55,2026-04-30 08:49:55,2026-05-02 14:55:55,Medium,Insider Threat,Mortgage & Lending,Document Management System,Discovery,18009,10977,230539.84,N,Resolved,28.1,26.0,Lost/stolen device
INC-10298,2026-05-01 01:46:08,2026-05-01 01:46:08,2026-05-08 19:52:08,Medium,Phishing,Retail Banking,Core Banking System,Collection,12,8,210027.43,N,Resolved,43.5,142.6,Misconfiguration
INC-10226,2026-05-03 11:07:23,2026-05-03 11:07:23,2026-05-09 09:31:23,Low,Ransomware,Digital Banking,Mobile Banking App,Command and Control,180,124,5664.0,N,Resolved,60.7,81.7,Malicious code
INC-10229,2026-05-06 05:30:40,2026-05-06 05:30:40,2026-05-12 06:36:40,Low,Insider Threat,Digital Banking,Mobile Banking App,Impact,44,33,44933.05,N,Resolved,43.9,101.2,Social engineering
INC-10069,2026-05-08 22:10:06,2026-05-08 22:10:06,2026-05-30 04:10:06,Low,Business Email Compromise,Digital Banking,Mobile Banking App,Execution,3,2,28060.32,N,Resolved,33.3,476.7,Phishing / credential theft
INC-10085,2026-05-16 13:31:29,2026-05-16 13:31:29,2026-05-22 05:13:29,High,Account Takeover,Commercial Banking,Commercial Loan Platform,Exfiltration,143,132,723211.94,N,Resolved,22.7,113.0,Insider misuse
INC-10000,2026-05-17 04:03:12,2026-05-17 04:03:12,2026-05-19 06:09:12,Critical,Data Breach,Wealth Management,Wealth Management Platform,Command and Control,1594492,1225795,1986180.05,Y,Resolved,9.0,41.1,Unpatched vulnerability
INC-10093,2026-05-21 01:08:02,2026-05-21 01:08:02,2026-05-22 20:02:02,Critical,Third-Party/Vendor Breach,Payments & Cards,Card Issuance System,Execution,1488850,1085140,2065446.53,Y,Resolved,8.7,34.2,Misconfiguration
INC-10253,2026-05-25 10:44:40,2026-05-25 10:44:40,2026-05-29 19:20:40,Medium,Phishing,Corporate IT & Infrastructure,Email & Collaboration (O365),Collection,22,15,91135.04,N,Resolved,18.4,86.2,Lost/stolen device
INC-10070,2026-05-26 05:36:21,2026-05-26 05:36:21,2026-06-03 07:48:21,Medium,DDoS,Digital Banking,Customer API Gateway,Collection,106,69,252069.94,N,Resolved,94.2,100.0,Third-party compromise
INC-10086,2026-05-27 14:51:56,2026-05-27 14:51:56,2026-06-01 00:45:56,High,DDoS,Retail Banking,Core Banking System,Discovery,126,98,320628.91,N,Resolved,10.0,95.9,Lost/stolen device
INC-10135,2026-05-28 10:08:48,2026-05-28 10:08:48,2026-05-31 01:38:48,High,Data Breach,Retail Banking,ATM Network,Defense Evasion,135821,119741,1083716.02,Y,Resolved,33.1,30.4,Third-party compromise
INC-10225,2026-05-28 10:59:26,2026-05-28 10:59:26,2026-06-02 11:29:26,High,Ransomware,Corporate IT & Infrastructure,Data Warehouse,Exfiltration,167,111,784827.23,N,Resolved,4.8,115.7,Social engineering
INC-10161,2026-05-30 20:54:12,2026-05-30 20:54:12,2026-06-06 16:24:12,High,Data Breach,Digital Banking,Online Banking Portal,Discovery,114546,104830,1776265.45,Y,Resolved,8.0,155.5,Misconfiguration
INC-10215,2026-05-31 18:01:16,2026-05-31 18:01:16,2026-06-14 11:13:16,Medium,Malware,Payments & Cards,Wire Transfer System,Privilege Escalation,125,89,58503.51,N,Resolved,56.9,272.3,Insider misuse
INC-10095,2026-06-02 23:41:56,2026-06-02 23:41:56,2026-06-24 07:23:56,Low,Third-Party/Vendor Breach,Mortgage & Lending,Loan Origination System,Discovery,231,177,44516.46,N,Resolved,106.3,405.4,Phishing / credential theft
INC-10187,2026-06-07 17:45:44,2026-06-07 17:45:44,2026-06-10 19:57:44,Critical,Phishing,Mortgage & Lending,Document Management System,Initial Access,4,3,8176555.88,N,Resolved,3.7,70.5,Social engineering
INC-10261,2026-06-13 21:26:34,2026-06-13 21:26:34,2026-06-29 01:08:34,Low,DDoS,Payments & Cards,Wire Transfer System,Command and Control,32,24,9707.71,N,Resolved,12.4,351.3,Unpatched vulnerability
INC-10166,2026-06-15 04:18:15,2026-06-15 04:18:15,2026-06-27 07:42:15,Medium,Business Email Compromise,Retail Banking,ATM Network,Defense Evasion,180,134,233253.9,N,Resolved,68.1,223.3,Third-party compromise
INC-10137,2026-06-15 12:38:57,2026-06-15 12:38:57,2026-06-28 13:08:57,Medium,DDoS,Mortgage & Lending,Document Management System,Credential Access,40,32,216424.64,N,Resolved,89.5,223.0,Phishing / credential theft
INC-10186,2026-06-16 01:45:58,2026-06-16 01:45:58,,Low,Insider Threat,Payments & Cards,Wire Transfer System,Initial Access,34,28,35651.31,N,Monitoring,14.1,266.5,Malicious code
INC-10065,2026-06-20 09:48:45,2026-06-20 09:48:45,2026-06-27 10:48:45,Medium,Malware,Digital Banking,Online Banking Portal,Discovery,132,112,198937.75,N,Resolved,88.4,80.6,Malicious code
INC-10102,2026-06-22 02:58:13,2026-06-22 02:58:13,,High,Account Takeover,Digital Banking,Mobile Banking App,Discovery,113,72,886949.1,N,Monitoring,9.3,91.9,Malicious code
INC-10084,2026-06-24 14:28:09,2026-06-24 14:28:09,2026-07-10 09:16:09,Low,Ransomware,Corporate IT & Infrastructure,Data Warehouse,Impact,101,87,1682.01,N,Resolved,134.3,244.5,Social engineering
INC-10283,2026-06-25 07:31:36,2026-06-25 07:31:36,,High,Phishing,Payments & Cards,Payment Gateway,Privilege Escalation,121,84,1831879.33,N,Contained,24.0,105.8,Insider misuse
INC-10168,2026-06-28 21:41:34,2026-06-28 21:41:34,2026-07-12 03:17:34,Low,Business Email Compromise,Retail Banking,Teller Platform,Collection,180,122,18727.46,N,Resolved,221.1,96.5,Lost/stolen device
INC-10287,2026-06-29 05:05:40,2026-06-29 05:05:40,2026-07-19 04:59:40,Low,DDoS,Digital Banking,Mobile Banking App,Privilege Escalation,107,78,20825.35,N,Resolved,180.0,299.9,Third-party compromise
INC-10109,2026-06-29 20:33:09,2026-06-29 20:33:09,,Medium,Unauthorized Access,Corporate IT & Infrastructure,Data Warehouse,Command and Control,5046,3140,137531.22,N,Monitoring,48.2,221.0,Lost/stolen device
INC-10128,2026-07-03 16:54:59,2026-07-03 16:54:59,,Low,Data Breach,Payments & Cards,Payment Gateway,Initial Access,32,29,36086.21,N,Contained,227.1,64.0,Unpatched vulnerability
INC-10288,2026-07-04 19:27:55,2026-07-04 19:27:55,2026-07-15 05:57:55,Medium,Unauthorized Access,Payments & Cards,Wire Transfer System,Persistence,16723,11998,97056.5,N,Resolved,21.3,229.2,Malicious code
INC-10153,2026-07-06 22:54:38,2026-07-06 22:54:38,2026-07-08 12:42:38,Critical,Account Takeover,Payments & Cards,Wire Transfer System,Exfiltration,147,130,3799376.77,N,Resolved,1.1,36.7,Social engineering
INC-10277,2026-07-09 08:38:59,2026-07-09 08:38:59,,Critical,Unauthorized Access,Payments & Cards,Card Issuance System,Impact,92431,80779,5399058.18,Y,Monitoring,9.6,25.1,Third-party compromise
INC-10213,2026-07-12 05:08:48,2026-07-12 05:08:48,2026-07-22 06:38:48,Medium,Account Takeover,Payments & Cards,Payment Gateway,Persistence,98,80,132681.25,N,Resolved,49.8,191.7,Malicious code
INC-10042,2026-07-12 05:33:48,2026-07-12 05:33:48,,Medium,Unauthorized Access,Retail Banking,Teller Platform,Command and Control,17880,17494,145118.05,N,Monitoring,11.6,283.9,Unpatched vulnerability
INC-10222,2026-07-13 13:26:14,2026-07-13 13:26:14,2026-07-27 19:08:14,Medium,Phishing,Payments & Cards,Wire Transfer System,Exfiltration,198,174,255678.52,N,Resolved,14.4,327.3,Phishing / credential theft
INC-10178,2026-07-15 15:09:28,2026-07-15 15:09:28,,Medium,Business Email Compromise,Wealth Management,Wealth Management Platform,Lateral Movement,121,116,79880.77,N,Contained,26.3,291.6,Lost/stolen device
INC-10171,2026-07-19 02:19:17,2026-07-19 02:19:17,,Medium,Malware,Retail Banking,Core Banking System,Impact,8,6,93256.3,N,Monitoring,22.2,66.3,Social engineering
INC-10055,2026-07-21 16:31:13,2026-07-21 16:31:13,,High,Insider Threat,Commercial Banking,Commercial Loan Platform,Privilege Escalation,87719,60223,327154.01,Y,Open,20.2,130.9,Malicious code
INC-10248,2026-07-23 21:57:56,2026-07-23 21:57:56,,Critical,Data Breach,Corporate IT & Infrastructure,Data Warehouse,Exfiltration,241287,173614,10811782.28,Y,Open,11.6,30.9,Misconfiguration
INC-10319,2026-07-29 04:12:06,2026-07-29 04:12:06,,Low,Business Email Compromise,Mortgage & Lending,Document Management System,Initial Access,73,54,43996.38,N,Open,108.3,53.5,Unpatched vulnerability
INC-10284,2026-07-31 23:24:05,2026-07-31 23:24:05,,High,Malware,Corporate IT & Infrastructure,Data Warehouse,Discovery,64,53,514597.2,N,Monitoring,12.3,93.2,Unpatched vulnerability
